{
  "base_dt": 0.05000000074505806,
  "return_scale": 887.927734375,
  "reward_scale": 2.9049627780914307,
  "state_mean": [
    -0.4531896114349365,
    -0.010129203088581562,
    -0.04157619923353195
  ],
  "state_std": [
    0.5089010000228882,
    0.7318034768104553,
    2.5400142669677734
  ]
}