{
  "base_dt": 0.05000000074505806,
  "return_scale": 34.001678466796875,
  "reward_scale": 1.0,
  "state_mean": [
    -0.08396005630493164,
    0.23827001452445984,
    0.008503837510943413,
    0.008904890157282352,
    0.00014122699212748557,
    0.029152167961001396,
    0.0011814815225079656,
    -0.020717892795801163,
    -0.10411075502634048,
    -0.05426007881760597,
    0.06441529095172882,
    0.021578524261713028,
    -0.15335991978645325,
    0.03713322803378105,
    0.11407199501991272,
    0.0036070882342755795,
    0.06385703384876251
  ],
  "state_std": [
    0.10400860011577606,
    0.4690786600112915,
    0.26496008038520813,
    0.26742520928382874,
    0.2611226439476013,
    0.35734450817108154,
    0.31411421298980713,
    0.29507556557655334,
    0.7069547176361084,
    0.8494551181793213,
    1.636679768562317,
    5.4926042556762695,
    6.744384765625,
    6.92988395690918,
    6.526830196380615,
    6.27630090713501,
    6.096567630767822
  ]
}