{
  "base_dt": 0.05000000074505806,
  "return_scale": 430.7733154296875,
  "reward_scale": 1.0,
  "state_mean": [
    -0.16288168728351593,
    0.7419252395629883,
    0.0030891632195562124,
    0.018183521926403046,
    -0.0016312198713421822,
    0.036743562668561935,
    -0.016884617507457733,
    -0.01822996698319912,
    -0.08750784397125244,
    -0.013593773357570171,
    0.014417611993849277,
    0.021759264171123505,
    -0.060597606003284454,
    0.02994370646774769,
    0.004315438214689493,
    0.04091129079461098,
    0.007100557442754507
  ],
  "state_std": [
    0.19245369732379913,
    1.250510811805725,
    0.2584291696548462,
    0.27733123302459717,
    0.26755693554878235,
    0.3336853086948395,
    0.3111710846424103,
    0.2858150899410248,
    0.741677463054657,
    0.749443769454956,
    1.5542000532150269,
    5.715076446533203,
    6.914193153381348,
    7.11355447769165,
    6.460949897766113,
    6.848902225494385,
    6.104360103607178
  ]
}