{
  "base_dt": 0.05000000074505806,
  "return_scale": 438.37451171875,
  "reward_scale": 3.0548412799835205,
  "state_mean": [
    -0.40490370988845825,
    -0.02180246077477932,
    0.21251532435417175
  ],
  "state_std": [
    0.6083873510360718,
    0.6822335124015808,
    2.484959363937378
  ]
}